Priority #,Phase,Keyword,Est. Monthly Volume (US),Est. KD,Difficulty Tier,Search Intent,Article Type,Category,Notes
1,Phase 1: Authority Foundation (Weeks 1-3),best LLC formation services [year],20000,82,Hard,Commercial,Comparison Hub,Foundation,Won't rank immediately but establishes topical authority; every future article links here; demonstrates expertise to Google
2,Phase 1: Authority Foundation (Weeks 1-3),how much does it cost to form an LLC,6000,40,Moderate,Commercial,Comprehensive Guide,Foundation,High-volume informational query; natural place to embed state-by-state data table; links to every state page you'll build
3,Phase 1: Authority Foundation (Weeks 1-3),LLC vs sole proprietorship,8000,48,Moderate,Informational,Educational Pillar,Foundation,Top-of-funnel authority builder; massive keyword cluster around this topic; captures people at the decision stage before they need a formation service
4,Phase 1: Authority Foundation (Weeks 1-3),ZenBusiness vs LegalZoom,4000,35,Moderate,Commercial,Head-to-Head Comparison,Foundation,Highest-volume comparison keyword; strong conversion intent; people searching this are ready to buy
5,Phase 1: Authority Foundation (Weeks 1-3),Northwest Registered Agent review [year],500,20,Accessible,Commercial,Service Review,Foundation,Your #1 affiliate program; this page will be your highest-converting; lower KD means faster ranking
6,Phase 1: Authority Foundation (Weeks 1-3),ZenBusiness review [year],1500,28,Accessible,Commercial,Service Review,Foundation,Most recognized brand; high search volume for a review keyword; second-highest converting page
7,Phase 1: Authority Foundation (Weeks 1-3),what is an LLC (complete beginner guide),22000,58,Hard,Informational,Educational Pillar,Foundation,Massive volume; establishes you as THE educational resource; every profession-specific page links back here
8,Phase 1: Authority Foundation (Weeks 1-3),best state to form an LLC,2000,35,Moderate,Commercial,Comparison Guide,Foundation,Natural hub for all 50 state pages; creates internal linking architecture; high commercial intent
9,Phase 1: Authority Foundation (Weeks 1-3),BOI report for LLC owners [year],2000,15,Quick Win,Informational,Timely Authority Piece,Foundation,LOW KD emerging topic; you can rank for this fast; establishes expertise on current compliance; drives immediate traffic
10,Phase 1: Authority Foundation (Weeks 1-3),do I need an LLC for my business,1500,25,Accessible,Informational,Decision Guide Hub,Foundation,Hub page for all profession-specific content; captures top-of-funnel intent; every 'LLC for [profession]' page links here
11,Phase 2: Long-Tail Daily Articles,LLC vs S-Corp which is better for taxes,7000,45,Moderate,Informational,Educational Article,Educational,
12,Phase 2: Long-Tail Daily Articles,what is a BOI report and who needs to file,2000,15,Quick Win,Informational,FinCEN Guide,FinCEN,
13,Phase 2: Long-Tail Daily Articles,how to start an LLC in Texas,5000,45,Moderate,Transactional,State Guide,State Formation,
14,Phase 2: Long-Tail Daily Articles,how to start an LLC in Florida,4000,42,Moderate,Transactional,State Guide,State Formation,
15,Phase 2: Long-Tail Daily Articles,LLC taxes how are LLCs taxed,4000,42,Moderate,Informational,Educational Article,Educational,
16,Phase 2: Long-Tail Daily Articles,how to start an LLC in California,4500,48,Moderate,Transactional,State Guide,State Formation,
17,Phase 2: Long-Tail Daily Articles,FinCEN beneficial ownership reporting guide [year],1500,18,Accessible,Informational,FinCEN Guide,FinCEN,
18,Phase 2: Long-Tail Daily Articles,how to get an EIN for your LLC (free IRS method),2000,25,Accessible,Informational,Educational Article,Educational,
19,Phase 2: Long-Tail Daily Articles,how to start an LLC in New York,3000,40,Moderate,Transactional,State Guide,State Formation,
20,Phase 2: Long-Tail Daily Articles,LLC bank account how to open one,1500,20,Accessible,Informational,Educational Article,Educational,
21,Phase 2: Long-Tail Daily Articles,LLC operating agreement template and guide,2500,35,Moderate,Informational,Educational Article,Educational,
22,Phase 2: Long-Tail Daily Articles,how to start an LLC in Delaware,2500,38,Moderate,Transactional,State Guide,State Formation,
23,Phase 2: Long-Tail Daily Articles,BOI report deadline [year],800,12,Quick Win,Informational,FinCEN Guide,FinCEN,
24,Phase 2: Long-Tail Daily Articles,what is a registered agent and do I need one,2500,40,Moderate,Informational,Educational Article,Educational,
25,Phase 2: Long-Tail Daily Articles,do I need a BOI report for my LLC,400,6,Quick Win,Informational,FinCEN Guide,FinCEN,
26,Phase 2: Long-Tail Daily Articles,BOI report penalties for late filing,500,8,Quick Win,Informational,FinCEN Guide,FinCEN,
27,Phase 2: Long-Tail Daily Articles,LLC for freelancers and independent contractors,1200,22,Accessible,Commercial,Profession Guide,Profession,
28,Phase 2: Long-Tail Daily Articles,Texas LLC cost and fees breakdown,1500,28,Accessible,Commercial,State Cost Guide,State Cost,
29,Phase 2: Long-Tail Daily Articles,LLC for rental property investors,1500,28,Accessible,Commercial,Profession Guide,Profession,
30,Phase 2: Long-Tail Daily Articles,how to start an LLC in Illinois,1500,30,Accessible,Transactional,State Guide,State Formation,
31,Phase 2: Long-Tail Daily Articles,best registered agent services [year],1500,30,Accessible,Commercial,Comparison/Review,Comparison,
32,Phase 2: Long-Tail Daily Articles,how to start an LLC in Georgia,1500,32,Moderate,Transactional,State Guide,State Formation,
33,Phase 2: Long-Tail Daily Articles,single member LLC vs multi-member LLC,1000,22,Accessible,Informational,Educational Article,Educational,
34,Phase 2: Long-Tail Daily Articles,BOI report for single member LLC,300,6,Quick Win,Informational,FinCEN Guide,FinCEN,
35,Phase 2: Long-Tail Daily Articles,Florida LLC annual report requirements,800,18,Accessible,Informational,State Compliance,State Compliance,
36,Phase 2: Long-Tail Daily Articles,anonymous LLC how to form one,800,18,Accessible,Informational,Educational Article,Educational,
37,Phase 2: Long-Tail Daily Articles,LLC vs corporation which should I choose,1500,35,Moderate,Informational,Educational Article,Educational,
38,Phase 2: Long-Tail Daily Articles,how to start an LLC in Ohio,1200,28,Accessible,Transactional,State Guide,State Formation,
39,Phase 2: Long-Tail Daily Articles,California LLC cost and fees breakdown,1200,30,Accessible,Commercial,State Cost Guide,State Cost,
40,Phase 2: Long-Tail Daily Articles,LegalZoom review [year],1200,30,Accessible,Commercial,Comparison/Review,Comparison,
41,Phase 2: Long-Tail Daily Articles,how to start an LLC in North Carolina,1000,25,Accessible,Transactional,State Guide,State Formation,
42,Phase 2: Long-Tail Daily Articles,Florida LLC cost and fees breakdown,1000,25,Accessible,Commercial,State Cost Guide,State Cost,
43,Phase 2: Long-Tail Daily Articles,LLC for online business and ecommerce,1000,25,Accessible,Commercial,Profession Guide,Profession,
44,Phase 2: Long-Tail Daily Articles,LLC for Amazon FBA sellers,500,12,Quick Win,Commercial,Profession Guide,Profession,
45,Phase 2: Long-Tail Daily Articles,LLC pros and cons complete list,1000,25,Accessible,Informational,Educational Article,Educational,
46,Phase 2: Long-Tail Daily Articles,how to dissolve an LLC,800,20,Accessible,Informational,Educational Article,Educational,
47,Phase 2: Long-Tail Daily Articles,Delaware LLC annual franchise tax,600,15,Quick Win,Informational,State Compliance,State Compliance,
48,Phase 2: Long-Tail Daily Articles,do I need an LLC for my Etsy shop,600,15,Quick Win,Commercial,Profession Guide,Profession,
49,Phase 2: Long-Tail Daily Articles,do Uber and Lyft drivers need an LLC,400,10,Quick Win,Commercial,Profession Guide,Profession,
50,Phase 2: Long-Tail Daily Articles,LLC for cleaning business,400,10,Quick Win,Commercial,Profession Guide,Profession,
51,Phase 2: Long-Tail Daily Articles,how to start an LLC in Wyoming,800,22,Accessible,Transactional,State Guide,State Formation,
52,Phase 2: Long-Tail Daily Articles,self-employment tax for LLC owners,800,22,Accessible,Informational,Educational Article,Educational,
53,Phase 2: Long-Tail Daily Articles,LLC for food truck business,300,8,Quick Win,Commercial,Profession Guide,Profession,
54,Phase 2: Long-Tail Daily Articles,who is exempt from BOI reporting,300,8,Quick Win,Informational,FinCEN Guide,FinCEN,
55,Phase 2: Long-Tail Daily Articles,ZenBusiness vs Bizee (formerly Incfile),600,18,Accessible,Commercial,Comparison/Review,Comparison,
56,Phase 2: Long-Tail Daily Articles,LLC vs DBA (doing business as) differences,600,18,Accessible,Informational,Educational Article,Educational,
57,Phase 2: Long-Tail Daily Articles,how to file a BOI report step by step,500,15,Quick Win,Informational,FinCEN Guide,FinCEN,
58,Phase 2: Long-Tail Daily Articles,series LLC states that allow them,500,15,Quick Win,Informational,Educational Article,Educational,
59,Phase 2: Long-Tail Daily Articles,how to start an LLC in Virginia,800,25,Accessible,Transactional,State Guide,State Formation,
60,Phase 2: Long-Tail Daily Articles,how to start an LLC in Washington,800,25,Accessible,Transactional,State Guide,State Formation,
61,Phase 2: Long-Tail Daily Articles,New York LLC cost and fees breakdown,800,25,Accessible,Commercial,State Cost Guide,State Cost,
62,Phase 2: Long-Tail Daily Articles,LLC for YouTube channel and content creators,400,12,Quick Win,Commercial,Profession Guide,Profession,
63,Phase 2: Long-Tail Daily Articles,LLC for trucking company,400,12,Quick Win,Commercial,Profession Guide,Profession,
64,Phase 2: Long-Tail Daily Articles,LLC for consultants and coaches,400,12,Quick Win,Commercial,Profession Guide,Profession,
65,Phase 2: Long-Tail Daily Articles,LLC for real estate agents,400,12,Quick Win,Commercial,Profession Guide,Profession,
66,Phase 2: Long-Tail Daily Articles,Northwest Registered Agent vs LegalZoom,800,25,Accessible,Commercial,Comparison/Review,Comparison,
67,Phase 2: Long-Tail Daily Articles,can an LLC have employees,400,12,Quick Win,Informational,Educational Article,Educational,
68,Phase 2: Long-Tail Daily Articles,can an LLC own property,400,12,Quick Win,Informational,Educational Article,Educational,
69,Phase 2: Long-Tail Daily Articles,how to start an LLC in Arizona,700,22,Accessible,Transactional,State Guide,State Formation,
70,Phase 2: Long-Tail Daily Articles,how to start an LLC in Colorado,700,22,Accessible,Transactional,State Guide,State Formation,
71,Phase 2: Long-Tail Daily Articles,how to start an LLC in Tennessee,700,22,Accessible,Transactional,State Guide,State Formation,
72,Phase 2: Long-Tail Daily Articles,Delaware LLC cost and fees breakdown,600,20,Accessible,Commercial,State Cost Guide,State Cost,
73,Phase 2: Long-Tail Daily Articles,LLC for personal trainers and fitness coaches,200,6,Quick Win,Commercial,Profession Guide,Profession,
74,Phase 2: Long-Tail Daily Articles,LLC for handyman and home services,200,6,Quick Win,Commercial,Profession Guide,Profession,
75,Phase 2: Long-Tail Daily Articles,LLC for dog walking and pet sitting,200,6,Quick Win,Commercial,Profession Guide,Profession,
76,Phase 2: Long-Tail Daily Articles,LLC for pressure washing business,200,6,Quick Win,Commercial,Profession Guide,Profession,
77,Phase 2: Long-Tail Daily Articles,Bizee review [year],600,20,Accessible,Commercial,Comparison/Review,Comparison,
78,Phase 2: Long-Tail Daily Articles,FinCEN BOI report cost (is it free),200,6,Quick Win,Informational,FinCEN Guide,FinCEN,
79,Phase 2: Long-Tail Daily Articles,LLC for photographers and videographers,250,8,Quick Win,Commercial,Profession Guide,Profession,
80,Phase 2: Long-Tail Daily Articles,LLC for landscaping business,250,8,Quick Win,Commercial,Profession Guide,Profession,
81,Phase 2: Long-Tail Daily Articles,LLC for day trading and stock investing,300,10,Quick Win,Commercial,Profession Guide,Profession,
82,Phase 2: Long-Tail Daily Articles,LLC member vs manager managed,300,10,Quick Win,Informational,Educational Article,Educational,
83,Phase 2: Long-Tail Daily Articles,LLC for husband and wife (qualified joint venture),300,10,Quick Win,Informational,Educational Article,Educational,
84,Phase 2: Long-Tail Daily Articles,can a foreigner own an LLC in the US,300,10,Quick Win,Informational,Educational Article,Educational,
85,Phase 2: Long-Tail Daily Articles,can an LLC own another LLC,300,10,Quick Win,Informational,Educational Article,Educational,
86,Phase 2: Long-Tail Daily Articles,what happens if you don't renew your LLC,300,10,Quick Win,Informational,Educational Article,Educational,
87,Phase 2: Long-Tail Daily Articles,how to start an LLC in Michigan,700,25,Accessible,Transactional,State Guide,State Formation,
88,Phase 2: Long-Tail Daily Articles,how to start an LLC in Pennsylvania,700,25,Accessible,Transactional,State Guide,State Formation,
89,Phase 2: Long-Tail Daily Articles,how to start an LLC in New Jersey,700,25,Accessible,Transactional,State Guide,State Formation,
90,Phase 2: Long-Tail Daily Articles,LLC for content creators and influencers,350,12,Quick Win,Commercial,Profession Guide,Profession,
91,Phase 2: Long-Tail Daily Articles,Texas LLC franchise tax (no annual report),400,14,Quick Win,Informational,State Compliance,State Compliance,
92,Phase 2: Long-Tail Daily Articles,LLC for dropshipping business,400,14,Quick Win,Commercial,Profession Guide,Profession,
93,Phase 2: Long-Tail Daily Articles,LLC for Airbnb and short term rental,400,14,Quick Win,Commercial,Profession Guide,Profession,
94,Phase 2: Long-Tail Daily Articles,how to transfer LLC ownership,400,14,Quick Win,Informational,Educational Article,Educational,
95,Phase 2: Long-Tail Daily Articles,how to start an LLC in Nevada,500,18,Accessible,Transactional,State Guide,State Formation,
96,Phase 2: Long-Tail Daily Articles,Georgia LLC cost and fees breakdown,500,18,Accessible,Commercial,State Cost Guide,State Cost,
97,Phase 2: Long-Tail Daily Articles,California LLC $800 franchise tax,500,18,Accessible,Informational,State Compliance,State Compliance,
98,Phase 2: Long-Tail Daily Articles,Bizee vs LegalZoom,500,18,Accessible,Commercial,Comparison/Review,Comparison,
99,Phase 2: Long-Tail Daily Articles,cheapest way to form an LLC,500,18,Accessible,Commercial,Comparison/Review,Comparison,
100,Phase 2: Long-Tail Daily Articles,how to convert sole proprietorship to LLC,500,18,Accessible,Informational,Educational Article,Educational,
101,Phase 2: Long-Tail Daily Articles,how to start an LLC in Indiana,600,22,Accessible,Transactional,State Guide,State Formation,
102,Phase 2: Long-Tail Daily Articles,how to start an LLC in Maryland,600,22,Accessible,Transactional,State Guide,State Formation,
103,Phase 2: Long-Tail Daily Articles,Ohio LLC cost and fees breakdown,400,15,Quick Win,Commercial,State Cost Guide,State Cost,
104,Phase 2: Long-Tail Daily Articles,North Carolina LLC cost and fees breakdown,400,15,Quick Win,Commercial,State Cost Guide,State Cost,
105,Phase 2: Long-Tail Daily Articles,LLC for wedding planners and event coordinators,150,5,Quick Win,Commercial,Profession Guide,Profession,
106,Phase 2: Long-Tail Daily Articles,LLC for authors and self-publishers,150,5,Quick Win,Commercial,Profession Guide,Profession,
107,Phase 2: Long-Tail Daily Articles,LLC for mobile car detailing,150,5,Quick Win,Commercial,Profession Guide,Profession,
108,Phase 2: Long-Tail Daily Articles,LLC for tutoring business,150,5,Quick Win,Commercial,Profession Guide,Profession,
109,Phase 2: Long-Tail Daily Articles,Incfile vs LegalZoom (Bizee comparison),400,15,Quick Win,Commercial,Comparison/Review,Comparison,
110,Phase 2: Long-Tail Daily Articles,cheapest registered agent service,400,15,Quick Win,Commercial,Comparison/Review,Comparison,
111,Phase 2: Long-Tail Daily Articles,BOI report vs annual report (what is the difference),150,5,Quick Win,Informational,FinCEN Guide,FinCEN,
112,Phase 2: Long-Tail Daily Articles,LLC quarterly tax payments guide,400,15,Quick Win,Informational,Educational Article,Educational,
113,Phase 2: Long-Tail Daily Articles,how to start an LLC in Missouri,500,20,Accessible,Transactional,State Guide,State Formation,
114,Phase 2: Long-Tail Daily Articles,how to start an LLC in Minnesota,500,20,Accessible,Transactional,State Guide,State Formation,
115,Phase 2: Long-Tail Daily Articles,how to start an LLC in Wisconsin,500,20,Accessible,Transactional,State Guide,State Formation,
116,Phase 2: Long-Tail Daily Articles,how to start an LLC in Oregon,500,20,Accessible,Transactional,State Guide,State Formation,
117,Phase 2: Long-Tail Daily Articles,Illinois LLC cost and fees breakdown,500,20,Accessible,Commercial,State Cost Guide,State Cost,
118,Phase 2: Long-Tail Daily Articles,LegalZoom alternatives for LLC,500,20,Accessible,Commercial,Comparison/Review,Comparison,
119,Phase 2: Long-Tail Daily Articles,how to start an LLC in Massachusetts,600,25,Accessible,Transactional,State Guide,State Formation,
120,Phase 2: Long-Tail Daily Articles,Wyoming LLC cost and fees breakdown,300,12,Quick Win,Commercial,State Cost Guide,State Cost,
121,Phase 2: Long-Tail Daily Articles,New York LLC biennial statement,300,12,Quick Win,Informational,State Compliance,State Compliance,
122,Phase 2: Long-Tail Daily Articles,Georgia LLC annual registration,300,12,Quick Win,Informational,State Compliance,State Compliance,
123,Phase 2: Long-Tail Daily Articles,LLC for construction company,300,12,Quick Win,Commercial,Profession Guide,Profession,
124,Phase 2: Long-Tail Daily Articles,LLC for affiliate marketing business,300,12,Quick Win,Commercial,Profession Guide,Profession,
125,Phase 2: Long-Tail Daily Articles,LLC for restaurant and food business,300,12,Quick Win,Commercial,Profession Guide,Profession,
126,Phase 2: Long-Tail Daily Articles,best LLC formation service with free registered agent,300,12,Quick Win,Commercial,Comparison/Review,Comparison,
127,Phase 2: Long-Tail Daily Articles,LLC Attorney review [year],300,12,Quick Win,Commercial,Comparison/Review,Comparison,
128,Phase 2: Long-Tail Daily Articles,how to add a member to an LLC,300,12,Quick Win,Informational,Educational Article,Educational,
129,Phase 2: Long-Tail Daily Articles,how to change LLC name,300,12,Quick Win,Informational,Educational Article,Educational,
130,Phase 2: Long-Tail Daily Articles,how to change registered agent,300,12,Quick Win,Informational,Educational Article,Educational,
131,Phase 2: Long-Tail Daily Articles,LLC vs LLP differences explained,300,12,Quick Win,Informational,Educational Article,Educational,
132,Phase 2: Long-Tail Daily Articles,LLC for flipping houses,250,10,Quick Win,Commercial,Profession Guide,Profession,
133,Phase 2: Long-Tail Daily Articles,how to reinstate a dissolved LLC,250,10,Quick Win,Informational,Educational Article,Educational,
134,Phase 2: Long-Tail Daily Articles,Ohio LLC no annual report (what you still need),200,8,Quick Win,Informational,State Compliance,State Compliance,
135,Phase 2: Long-Tail Daily Articles,LLC for music artists and producers,200,8,Quick Win,Commercial,Profession Guide,Profession,
136,Phase 2: Long-Tail Daily Articles,LLC for therapists and counselors,200,8,Quick Win,Commercial,Profession Guide,Profession,
137,Phase 2: Long-Tail Daily Articles,LLC for graphic designers,200,8,Quick Win,Commercial,Profession Guide,Profession,
138,Phase 2: Long-Tail Daily Articles,LLC for hair salon and barbershop,200,8,Quick Win,Commercial,Profession Guide,Profession,
139,Phase 2: Long-Tail Daily Articles,LLC for vending machine business,200,8,Quick Win,Commercial,Profession Guide,Profession,
140,Phase 2: Long-Tail Daily Articles,LLC for software developers and freelance coders,200,8,Quick Win,Commercial,Profession Guide,Profession,
141,Phase 2: Long-Tail Daily Articles,best LLC service with operating agreement included,200,8,Quick Win,Commercial,Comparison/Review,Comparison,
142,Phase 2: Long-Tail Daily Articles,BOI report changes and updates [year],200,8,Quick Win,Informational,FinCEN Guide,FinCEN,
143,Phase 2: Long-Tail Daily Articles,FinCEN beneficial ownership information for new LLC,200,8,Quick Win,Informational,FinCEN Guide,FinCEN,
144,Phase 2: Long-Tail Daily Articles,LLC certificate of good standing how to get,200,8,Quick Win,Informational,Educational Article,Educational,
145,Phase 2: Long-Tail Daily Articles,can an LLC be a nonprofit,200,8,Quick Win,Informational,Educational Article,Educational,
146,Phase 2: Long-Tail Daily Articles,LLC for married couples pros and cons,200,8,Quick Win,Informational,Educational Article,Educational,
147,Phase 2: Long-Tail Daily Articles,best LLC service for small business,500,22,Accessible,Commercial,Comparison/Review,Comparison,
148,Phase 2: Long-Tail Daily Articles,LLC for notary public business,150,6,Quick Win,Commercial,Profession Guide,Profession,
149,Phase 2: Long-Tail Daily Articles,LLC for podcast,150,6,Quick Win,Commercial,Profession Guide,Profession,
150,Phase 2: Long-Tail Daily Articles,LLC for travel agency,150,6,Quick Win,Commercial,Profession Guide,Profession,
151,Phase 2: Long-Tail Daily Articles,LLC for social media manager,150,6,Quick Win,Commercial,Profession Guide,Profession,
152,Phase 2: Long-Tail Daily Articles,best LLC service for multi-state business,150,6,Quick Win,Commercial,Comparison/Review,Comparison,
153,Phase 2: Long-Tail Daily Articles,how to start an LLC in South Carolina,400,18,Accessible,Transactional,State Guide,State Formation,
154,Phase 2: Long-Tail Daily Articles,how to start an LLC in Alabama,400,18,Accessible,Transactional,State Guide,State Formation,
155,Phase 2: Long-Tail Daily Articles,how to start an LLC in Louisiana,400,18,Accessible,Transactional,State Guide,State Formation,
156,Phase 2: Long-Tail Daily Articles,how to start an LLC in Kentucky,400,18,Accessible,Transactional,State Guide,State Formation,
157,Phase 2: Long-Tail Daily Articles,LegalZoom vs Rocket Lawyer for LLC,400,18,Accessible,Commercial,Comparison/Review,Comparison,
158,Phase 2: Long-Tail Daily Articles,how to start an LLC in Oklahoma,350,16,Accessible,Transactional,State Guide,State Formation,
159,Phase 2: Long-Tail Daily Articles,how to start an LLC in Arkansas,300,14,Quick Win,Transactional,State Guide,State Formation,
160,Phase 2: Long-Tail Daily Articles,Arizona LLC cost and fees breakdown,300,14,Quick Win,Commercial,State Cost Guide,State Cost,
161,Phase 2: Long-Tail Daily Articles,Colorado LLC cost and fees breakdown,300,14,Quick Win,Commercial,State Cost Guide,State Cost,
162,Phase 2: Long-Tail Daily Articles,Illinois LLC annual report filing,300,14,Quick Win,Informational,State Compliance,State Compliance,
163,Phase 2: Long-Tail Daily Articles,Bizee vs Northwest Registered Agent,300,14,Quick Win,Commercial,Comparison/Review,Comparison,
164,Phase 2: Long-Tail Daily Articles,holding company LLC structure explained,300,14,Quick Win,Informational,Educational Article,Educational,
165,Phase 2: Long-Tail Daily Articles,foreign LLC registration (doing business in another state),300,14,Quick Win,Informational,Educational Article,Educational,
166,Phase 2: Long-Tail Daily Articles,how to start an LLC in Nebraska,250,12,Quick Win,Transactional,State Guide,State Formation,
167,Phase 2: Long-Tail Daily Articles,how to start an LLC in New Mexico,250,12,Quick Win,Transactional,State Guide,State Formation,
168,Phase 2: Long-Tail Daily Articles,how to start an LLC in Idaho,250,12,Quick Win,Transactional,State Guide,State Formation,
169,Phase 2: Long-Tail Daily Articles,how to start an LLC in Connecticut,400,20,Accessible,Transactional,State Guide,State Formation,
170,Phase 2: Long-Tail Daily Articles,how to start an LLC in Iowa,300,15,Quick Win,Transactional,State Guide,State Formation,
171,Phase 2: Long-Tail Daily Articles,how to start an LLC in Utah,300,15,Quick Win,Transactional,State Guide,State Formation,
172,Phase 2: Long-Tail Daily Articles,how to start an LLC in Kansas,300,15,Quick Win,Transactional,State Guide,State Formation,
173,Phase 2: Long-Tail Daily Articles,how to start an LLC in Mississippi,300,15,Quick Win,Transactional,State Guide,State Formation,
174,Phase 2: Long-Tail Daily Articles,how to start an LLC in Washington DC,300,15,Quick Win,Transactional,State Guide,State Formation,
175,Phase 2: Long-Tail Daily Articles,Virginia LLC cost and fees breakdown,300,15,Quick Win,Commercial,State Cost Guide,State Cost,
176,Phase 2: Long-Tail Daily Articles,Washington LLC cost and fees breakdown,300,15,Quick Win,Commercial,State Cost Guide,State Cost,
177,Phase 2: Long-Tail Daily Articles,LLC for nonprofit organization,300,15,Quick Win,Commercial,Profession Guide,Profession,
178,Phase 2: Long-Tail Daily Articles,Rocket Lawyer review for LLC,300,15,Quick Win,Commercial,Comparison/Review,Comparison,
179,Phase 2: Long-Tail Daily Articles,how to start an LLC in New Hampshire,200,10,Quick Win,Transactional,State Guide,State Formation,
180,Phase 2: Long-Tail Daily Articles,how to start an LLC in Maine,200,10,Quick Win,Transactional,State Guide,State Formation,
181,Phase 2: Long-Tail Daily Articles,how to start an LLC in Montana,200,10,Quick Win,Transactional,State Guide,State Formation,
182,Phase 2: Long-Tail Daily Articles,how to start an LLC in West Virginia,200,10,Quick Win,Transactional,State Guide,State Formation,
183,Phase 2: Long-Tail Daily Articles,Wyoming LLC annual report,200,10,Quick Win,Informational,State Compliance,State Compliance,
184,Phase 2: Long-Tail Daily Articles,Nevada LLC annual list filing,200,10,Quick Win,Informational,State Compliance,State Compliance,
185,Phase 2: Long-Tail Daily Articles,LLC for crypto and DeFi trading,200,10,Quick Win,Commercial,Profession Guide,Profession,
186,Phase 2: Long-Tail Daily Articles,LLC for insurance agents,200,10,Quick Win,Commercial,Profession Guide,Profession,
187,Phase 2: Long-Tail Daily Articles,LLC for property management company,200,10,Quick Win,Commercial,Profession Guide,Profession,
188,Phase 2: Long-Tail Daily Articles,LLC Attorney vs ZenBusiness,200,10,Quick Win,Commercial,Comparison/Review,Comparison,
189,Phase 2: Long-Tail Daily Articles,LLC Attorney vs LegalZoom,200,10,Quick Win,Commercial,Comparison/Review,Comparison,
190,Phase 2: Long-Tail Daily Articles,Northwest vs Bizee registered agent,200,10,Quick Win,Commercial,Comparison/Review,Comparison,
191,Phase 2: Long-Tail Daily Articles,Tailor Brands LLC review,200,10,Quick Win,Commercial,Comparison/Review,Comparison,
192,Phase 2: Long-Tail Daily Articles,Swyft Filings review,200,10,Quick Win,Commercial,Comparison/Review,Comparison,
193,Phase 2: Long-Tail Daily Articles,how to start an LLC in Hawaii,250,14,Quick Win,Transactional,State Guide,State Formation,
194,Phase 2: Long-Tail Daily Articles,how to start an LLC in South Dakota,150,8,Quick Win,Transactional,State Guide,State Formation,
195,Phase 2: Long-Tail Daily Articles,how to start an LLC in North Dakota,150,8,Quick Win,Transactional,State Guide,State Formation,
196,Phase 2: Long-Tail Daily Articles,how to start an LLC in Vermont,150,8,Quick Win,Transactional,State Guide,State Formation,
197,Phase 2: Long-Tail Daily Articles,LLC for accounting firm,150,8,Quick Win,Commercial,Profession Guide,Profession,
198,Phase 2: Long-Tail Daily Articles,BetterLegal review,150,8,Quick Win,Commercial,Comparison/Review,Comparison,
199,Phase 2: Long-Tail Daily Articles,New Jersey LLC cost and fees breakdown,300,18,Accessible,Commercial,State Cost Guide,State Cost,
200,Phase 2: Long-Tail Daily Articles,how to start an LLC in Rhode Island,200,12,Quick Win,Transactional,State Guide,State Formation,
201,Phase 2: Long-Tail Daily Articles,LLC for medical practice,200,12,Quick Win,Commercial,Profession Guide,Profession,
202,Phase 2: Long-Tail Daily Articles,how to start an LLC in Alaska,150,10,Quick Win,Transactional,State Guide,State Formation,
203,Phase 2: Long-Tail Daily Articles,Harvard Business Services review (Delaware),150,10,Quick Win,Commercial,Comparison/Review,Comparison,
